{
  "train": {
    "accuracy": 0.5825604128541713,
    "precision_down": 0.5831248059325285,
    "precision_up": 0.5820864616965634,
    "recall_down": 0.5395372811464882,
    "recall_up": 0.6244498013114269,
    "f1_down": 0.56048489742892,
    "f1_up": 0.6025244105739461,
    "roc_auc": 0.6220700310011913
  },
  "val": {
    "accuracy": 0.5150082676782414,
    "precision_down": 0.5001081288896364,
    "precision_up": 0.5783612586841029,
    "recall_down": 0.8345228548516439,
    "recall_up": 0.21390515775552615,
    "f1_down": 0.625418813948946,
    "f1_up": 0.31230518853612116,
    "roc_auc": 0.5478832023230209
  },
  "test": {
    "accuracy": 0.5334591292845193,
    "precision_down": 0.5241341631431422,
    "precision_up": 0.5756338633433605,
    "recall_down": 0.8481645204689602,
    "recall_up": 0.21101965263282266,
    "f1_down": 0.6478939409510666,
    "f1_up": 0.30882734372748494,
    "roc_auc": 0.5559534114207021
  },
  "walk_forward_cv": {
    "accuracy": {
      "mean": 0.5398964628773929,
      "std": 0.0040554244005560755
    },
    "roc_auc": {
      "mean": 0.5666163289847862,
      "std": 0.005451937682244759
    },
    "f1_down": {
      "mean": 0.5136584462712678,
      "std": 0.03058225223786843
    },
    "f1_up": {
      "mean": 0.5605883223448013,
      "std": 0.02459608641191028
    }
  }
}