{
  "train": {
    "accuracy": 0.5427749572120986,
    "precision_down": 0.6316875211854852,
    "precision_up": 0.4558624230125469,
    "recall_down": 0.5315683353186093,
    "recall_up": 0.558730280461469,
    "f1_down": 0.5773193957299027,
    "f1_up": 0.5020815517192772,
    "roc_auc": 0.5682057768775136
  },
  "val": {
    "accuracy": 0.5357269902208859,
    "precision_down": 0.5979568297907398,
    "precision_up": 0.4711706106374396,
    "recall_down": 0.5398048432200868,
    "recall_up": 0.5304513824742902,
    "f1_down": 0.567394737253553,
    "f1_up": 0.49905673699799763,
    "roc_auc": 0.5539802056550829
  },
  "test": {
    "accuracy": 0.5139840661516467,
    "precision_down": 0.5887084239975132,
    "precision_up": 0.45718892866002764,
    "recall_down": 0.45185322151574075,
    "recall_up": 0.5939092136762629,
    "f1_down": 0.5112811894686401,
    "f1_up": 0.5166572105596903,
    "roc_auc": 0.5364601688663938
  },
  "walk_forward_cv": {
    "accuracy": {
      "mean": 0.5636140854379991,
      "std": 0.03036069537473501
    },
    "roc_auc": {
      "mean": 0.5633596644620965,
      "std": 0.015576880659238705
    },
    "f1_down": {
      "mean": 0.6287560747266498,
      "std": 0.05378722314014399
    },
    "f1_up": {
      "mean": 0.4567317575965347,
      "std": 0.034769818901811515
    }
  }
}