{
  "train": {
    "accuracy": 0.5521452641068018,
    "precision_down": 0.5427314975152828,
    "precision_up": 0.5628883414831428,
    "recall_down": 0.5862572972220531,
    "recall_up": 0.5189214838917416,
    "f1_down": 0.563655374320368,
    "f1_up": 0.5400114633393589,
    "roc_auc": 0.5806593260012795
  },
  "val": {
    "accuracy": 0.509565496103688,
    "precision_down": 0.49679950896575914,
    "precision_up": 0.6449662869100209,
    "recall_down": 0.9368747416287723,
    "recall_up": 0.10781608301916126,
    "f1_down": 0.6492952097180839,
    "f1_up": 0.18474858474858474,
    "roc_auc": 0.5453012607913394
  },
  "test": {
    "accuracy": 0.5280354173761493,
    "precision_down": 0.5187460376451042,
    "precision_up": 0.6297892720306514,
    "recall_down": 0.9388328387734916,
    "recall_up": 0.10671968836227885,
    "f1_down": 0.6682531189275959,
    "f1_up": 0.1825121443442054,
    "roc_auc": 0.5529346551671268
  },
  "walk_forward_cv": {
    "accuracy": {
      "mean": 0.5355554511307219,
      "std": 0.0037058511313109903
    },
    "roc_auc": {
      "mean": 0.5581595701087546,
      "std": 0.005243514366420501
    },
    "f1_down": {
      "mean": 0.5462027236760523,
      "std": 0.012008562095964624
    },
    "f1_up": {
      "mean": 0.5234913260137333,
      "std": 0.017121162966055023
    }
  }
}